,Month,level
0,1,310.2776774193548
1,2,348.89747569444444
2,3,405.14878387096775
3,4,421.0046966666667
4,5,414.5258451612903
5,6,348.04351
6,7,284.0584548387097
7,8,429.47514516129036
8,9,512.9195833333333
9,10,518.1303032258064
10,11,355.9505633333333
11,12,365.4193225806452
