Model,MAE,RMSE,R2
Ridge Regression,202.7247392381878,238.6207715335431,-0.00036408714222391225
Prophet,202.9012036616474,238.1795466204308,0.0008420600214935625
